inspection_id,shipment_id,inspection_date,pass_fail,notes
HPO1_1-S1-I,HPO1_1-S1,2024-08-04,True,OK
HPO1_1-S2-I,HPO1_1-S2,2024-08-13,True,OK
HPO1_2-S1-I,HPO1_2-S1,2025-03-15,True,OK
HPO1_3-S1-I,HPO1_3-S1,2024-09-04,True,OK
HPO1_4-S1-I,HPO1_4-S1,2024-11-12,False,OK
HPO1_5-S1-I,HPO1_5-S1,2024-08-26,True,OK
HPO1_5-S2-I,HPO1_5-S2,2024-08-21,True,OK
HPO1_6-S1-I,HPO1_6-S1,2024-09-26,True,OK
HPO1_7-S1-I,HPO1_7-S1,2025-04-14,True,OK
HPO1_8-S1-I,HPO1_8-S1,2024-09-13,True,OK
HPO1_8-S2-I,HPO1_8-S2,2024-09-11,True,OK
HPO1_9-S1-I,HPO1_9-S1,2024-10-06,True,OK
HPO1_10-S1-I,HPO1_10-S1,2025-04-07,True,OK
HPO1_11-S1-I,HPO1_11-S1,2025-01-13,True,OK
HPO1_11-S2-I,HPO1_11-S2,2025-01-17,True,OK
HPO1_12-S1-I,HPO1_12-S1,2025-04-27,True,OK
HPO2_1-S1-I,HPO2_1-S1,2024-10-31,False,OK
HPO2_2-S1-I,HPO2_2-S1,2024-12-04,True,OK
HPO2_3-S1-I,HPO2_3-S1,2024-11-13,True,OK
HPO2_4-S1-I,HPO2_4-S1,2024-08-24,True,OK
HPO2_5-S1-I,HPO2_5-S1,2025-01-10,True,OK
HPO2_5-S2-I,HPO2_5-S2,2025-01-07,False,OK
HPO2_6-S1-I,HPO2_6-S1,2025-03-28,False,OK
HPO2_7-S1-I,HPO2_7-S1,2024-09-24,True,OK
HPO2_8-S1-I,HPO2_8-S1,2025-02-09,True,OK
HPO2_9-S1-I,HPO2_9-S1,2024-11-20,True,OK
HPO2_9-S2-I,HPO2_9-S2,2024-11-08,True,OK
HPO2_10-S1-I,HPO2_10-S1,2025-01-02,True,OK
HPO2_11-S1-I,HPO2_11-S1,2025-03-11,True,OK
HPO2_12-S1-I,HPO2_12-S1,2024-11-05,True,OK
HPO3_1-S1-I,HPO3_1-S1,2024-07-14,False,OK
HPO3_2-S1-I,HPO3_2-S1,2025-06-04,True,OK
HPO3_3-S1-I,HPO3_3-S1,2024-11-20,True,OK
HPO3_3-S2-I,HPO3_3-S2,2024-11-13,True,OK
HPO3_4-S1-I,HPO3_4-S1,2024-11-10,True,OK
HPO3_5-S1-I,HPO3_5-S1,2024-10-23,True,OK
HPO3_6-S1-I,HPO3_6-S1,2025-05-21,True,OK
HPO3_7-S1-I,HPO3_7-S1,2025-03-01,True,Old lot person skill public place last.
HPO3_8-S1-I,HPO3_8-S1,2024-10-01,True,OK
HPO3_9-S1-I,HPO3_9-S1,2024-09-16,True,OK
HPO3_10-S1-I,HPO3_10-S1,2024-12-13,True,OK
HPO3_11-S1-I,HPO3_11-S1,2024-08-13,True,OK
HPO3_12-S1-I,HPO3_12-S1,2025-05-23,False,OK
HPO3_13-S1-I,HPO3_13-S1,2024-11-13,True,OK
HPO3_13-S2-I,HPO3_13-S2,2024-10-28,True,OK
HPO3_14-S1-I,HPO3_14-S1,2024-09-05,True,OK
HPO3_15-S1-I,HPO3_15-S1,2024-08-07,True,OK
HPO3_15-S2-I,HPO3_15-S2,2024-07-22,True,OK
HPO3_16-S1-I,HPO3_16-S1,2025-03-12,True,OK
HPO3_17-S1-I,HPO3_17-S1,2025-05-12,True,Animal process paper deal change war.
HPO3_18-S1-I,HPO3_18-S1,2025-01-16,True,OK
HPO3_19-S1-I,HPO3_19-S1,2025-02-22,True,OK
HPO4_1-S1-I,HPO4_1-S1,2025-04-25,True,OK
HPO4_1-S2-I,HPO4_1-S2,2025-04-01,True,OK
HPO4_2-S1-I,HPO4_2-S1,2024-10-24,True,OK
HPO4_3-S1-I,HPO4_3-S1,2024-07-11,True,OK
HPO4_4-S1-I,HPO4_4-S1,2024-11-15,True,OK
HPO4_4-S2-I,HPO4_4-S2,2024-11-19,True,OK
HPO4_5-S1-I,HPO4_5-S1,2024-08-09,True,OK
HPO4_5-S2-I,HPO4_5-S2,2024-07-23,False,OK
HPO4_6-S1-I,HPO4_6-S1,2024-07-14,True,OK
HPO4_7-S1-I,HPO4_7-S1,2025-04-09,True,OK
HPO4_8-S1-I,HPO4_8-S1,2025-04-01,True,OK
HPO4_9-S1-I,HPO4_9-S1,2024-11-14,True,OK
HPO4_10-S1-I,HPO4_10-S1,2024-12-14,True,Age present watch audience son significant.
HPO4_11-S1-I,HPO4_11-S1,2025-01-12,True,OK
HPO4_11-S2-I,HPO4_11-S2,2025-01-03,True,Between ability pass huge pick.
HPO4_12-S1-I,HPO4_12-S1,2025-06-03,True,Sometimes dream administration movement season.
HPO4_12-S2-I,HPO4_12-S2,2025-06-21,True,OK
HPO4_13-S1-I,HPO4_13-S1,2024-08-08,True,OK
HPO4_14-S1-I,HPO4_14-S1,2025-01-29,True,OK
HPO4_15-S1-I,HPO4_15-S1,2024-07-22,True,OK
HPO5_1-S1-I,HPO5_1-S1,2025-01-06,True,OK
HPO5_2-S1-I,HPO5_2-S1,2024-08-15,True,OK
HPO5_2-S2-I,HPO5_2-S2,2024-09-11,True,OK
HPO5_3-S1-I,HPO5_3-S1,2024-09-24,True,OK
HPO5_4-S1-I,HPO5_4-S1,2025-05-07,True,OK
HPO5_5-S1-I,HPO5_5-S1,2025-01-26,True,OK
HPO5_6-S1-I,HPO5_6-S1,2024-08-04,True,OK
HPO5_7-S1-I,HPO5_7-S1,2024-12-02,True,OK
HPO5_8-S1-I,HPO5_8-S1,2024-10-23,True,OK
HPO5_9-S1-I,HPO5_9-S1,2025-06-09,True,OK
HPO5_9-S2-I,HPO5_9-S2,2025-06-04,True,OK
HPO5_10-S1-I,HPO5_10-S1,2025-01-22,True,OK
HPO5_11-S1-I,HPO5_11-S1,2024-10-09,True,OK
HPO5_12-S1-I,HPO5_12-S1,2025-02-06,True,OK
HPO5_12-S2-I,HPO5_12-S2,2025-02-26,True,OK
HPO5_13-S1-I,HPO5_13-S1,2024-11-26,True,OK
HPO5_14-S1-I,HPO5_14-S1,2025-02-13,True,OK
HPO6_1-S1-I,HPO6_1-S1,2024-11-23,False,OK
HPO6_2-S1-I,HPO6_2-S1,2024-08-31,True,OK
HPO6_3-S1-I,HPO6_3-S1,2025-03-01,True,OK
HPO6_3-S2-I,HPO6_3-S2,2025-02-21,True,OK
HPO6_4-S1-I,HPO6_4-S1,2024-07-13,True,OK
HPO6_4-S2-I,HPO6_4-S2,2024-07-27,False,OK
HPO6_5-S1-I,HPO6_5-S1,2024-08-18,True,OK
HPO6_6-S1-I,HPO6_6-S1,2024-06-20,True,OK
HPO6_6-S2-I,HPO6_6-S2,2024-06-29,True,OK
HPO6_7-S1-I,HPO6_7-S1,2024-10-16,True,OK
HPO6_7-S2-I,HPO6_7-S2,2024-10-06,True,OK
HPO6_8-S1-I,HPO6_8-S1,2024-06-27,True,OK
HPO6_8-S2-I,HPO6_8-S2,2024-06-05,True,OK
HPO6_9-S1-I,HPO6_9-S1,2025-02-11,True,OK
HPO6_9-S2-I,HPO6_9-S2,2025-01-30,True,OK
HPO6_10-S1-I,HPO6_10-S1,2024-09-06,True,OK
HPO6_11-S1-I,HPO6_11-S1,2024-10-06,True,OK
HPO6_11-S2-I,HPO6_11-S2,2024-10-05,True,OK
HPO6_12-S1-I,HPO6_12-S1,2025-04-19,True,OK
HPO6_13-S1-I,HPO6_13-S1,2024-08-20,True,OK
HPO6_13-S2-I,HPO6_13-S2,2024-09-17,True,OK
HPO6_14-S1-I,HPO6_14-S1,2024-08-04,False,OK
HPO6_15-S1-I,HPO6_15-S1,2025-03-27,True,OK
HPO6_16-S1-I,HPO6_16-S1,2024-07-13,True,Rule beat shoulder official seem dark administration.
HPO6_17-S1-I,HPO6_17-S1,2025-01-22,True,OK
HPO6_18-S1-I,HPO6_18-S1,2025-01-03,True,OK
HPO7_1-S1-I,HPO7_1-S1,2024-08-13,True,Right sometimes mother begin series city.
HPO7_2-S1-I,HPO7_2-S1,2025-05-17,True,OK
HPO7_3-S1-I,HPO7_3-S1,2025-03-12,True,OK
HPO7_3-S2-I,HPO7_3-S2,2025-02-11,True,OK
HPO7_4-S1-I,HPO7_4-S1,2024-08-14,True,High involve area defense bad.
HPO7_5-S1-I,HPO7_5-S1,2024-12-29,True,OK
HPO7_6-S1-I,HPO7_6-S1,2024-09-06,True,OK
HPO7_6-S2-I,HPO7_6-S2,2024-09-27,True,OK
HPO7_7-S1-I,HPO7_7-S1,2025-04-25,True,Rest popular large statement home cause these.
HPO7_7-S2-I,HPO7_7-S2,2025-04-19,True,OK
HPO7_8-S1-I,HPO7_8-S1,2025-04-25,True,OK
HPO7_8-S2-I,HPO7_8-S2,2025-04-11,True,OK
HPO7_9-S1-I,HPO7_9-S1,2024-06-20,True,OK
HPO7_10-S1-I,HPO7_10-S1,2024-12-17,True,OK
HPO7_11-S1-I,HPO7_11-S1,2025-03-22,True,OK
HPO7_11-S2-I,HPO7_11-S2,2025-03-25,True,OK
HPO7_12-S1-I,HPO7_12-S1,2025-04-07,True,OK
HPO8_1-S1-I,HPO8_1-S1,2024-11-11,True,OK
HPO8_2-S1-I,HPO8_2-S1,2024-10-23,True,OK
HPO8_2-S2-I,HPO8_2-S2,2024-10-24,True,OK
HPO8_3-S1-I,HPO8_3-S1,2025-01-31,True,OK
HPO8_4-S1-I,HPO8_4-S1,2024-12-08,True,OK
HPO8_5-S1-I,HPO8_5-S1,2024-09-14,True,OK
HPO8_6-S1-I,HPO8_6-S1,2024-07-14,True,OK
HPO8_7-S1-I,HPO8_7-S1,2025-05-30,True,OK
HPO8_8-S1-I,HPO8_8-S1,2024-06-16,True,OK
HPO8_9-S1-I,HPO8_9-S1,2024-07-23,True,OK
HPO8_9-S2-I,HPO8_9-S2,2024-07-28,True,OK
HPO8_10-S1-I,HPO8_10-S1,2025-04-07,False,OK
HPO8_11-S1-I,HPO8_11-S1,2025-03-24,True,OK
HPO8_12-S1-I,HPO8_12-S1,2025-05-02,True,OK
HPO8_12-S2-I,HPO8_12-S2,2025-04-29,True,OK
HPO8_13-S1-I,HPO8_13-S1,2025-04-05,True,OK
HPO8_14-S1-I,HPO8_14-S1,2024-09-28,True,OK
HPO8_15-S1-I,HPO8_15-S1,2024-09-28,True,OK
HPO8_16-S1-I,HPO8_16-S1,2024-09-19,True,OK
HPO8_17-S1-I,HPO8_17-S1,2024-11-07,True,OK
HPO9_1-S1-I,HPO9_1-S1,2024-07-30,True,OK
HPO9_1-S2-I,HPO9_1-S2,2024-08-16,True,OK
HPO9_2-S1-I,HPO9_2-S1,2025-01-26,True,OK
HPO9_2-S2-I,HPO9_2-S2,2024-12-27,True,OK
HPO9_3-S1-I,HPO9_3-S1,2024-11-24,True,Shoulder staff arrive system firm box financial.
HPO9_4-S1-I,HPO9_4-S1,2025-06-10,True,OK
HPO9_5-S1-I,HPO9_5-S1,2025-03-19,True,OK
HPO9_6-S1-I,HPO9_6-S1,2024-07-07,True,Group participant impact main.
HPO9_7-S1-I,HPO9_7-S1,2024-07-02,True,OK
HPO9_8-S1-I,HPO9_8-S1,2024-12-30,True,OK
HPO9_9-S1-I,HPO9_9-S1,2024-11-24,True,OK
HPO9_10-S1-I,HPO9_10-S1,2025-05-27,True,OK
HPO9_11-S1-I,HPO9_11-S1,2024-07-04,True,OK
HPO9_12-S1-I,HPO9_12-S1,2024-08-13,True,OK
HPO9_13-S1-I,HPO9_13-S1,2025-01-14,True,OK
HPO9_14-S1-I,HPO9_14-S1,2025-05-03,True,OK
HPO9_15-S1-I,HPO9_15-S1,2025-04-25,True,OK
HPO9_16-S1-I,HPO9_16-S1,2025-06-13,True,OK
HPO9_17-S1-I,HPO9_17-S1,2025-02-09,True,OK
HPO9_18-S1-I,HPO9_18-S1,2024-12-02,True,Cup contain writer south debate miss.
HPO10_1-S1-I,HPO10_1-S1,2025-04-20,True,OK
HPO10_2-S1-I,HPO10_2-S1,2024-07-03,True,OK
HPO10_3-S1-I,HPO10_3-S1,2024-09-04,True,OK
HPO10_4-S1-I,HPO10_4-S1,2024-11-23,True,Among claim oil building herself lot rule.
HPO10_5-S1-I,HPO10_5-S1,2025-03-19,True,OK
HPO10_6-S1-I,HPO10_6-S1,2025-01-24,True,OK
HPO10_7-S1-I,HPO10_7-S1,2024-08-24,True,OK
HPO10_8-S1-I,HPO10_8-S1,2024-07-20,True,OK
HPO10_9-S1-I,HPO10_9-S1,2024-12-14,True,OK
HPO10_9-S2-I,HPO10_9-S2,2024-12-11,True,OK
HPO10_10-S1-I,HPO10_10-S1,2025-04-13,True,OK
HPO10_10-S2-I,HPO10_10-S2,2025-04-19,True,OK
HPO10_11-S1-I,HPO10_11-S1,2024-07-29,True,OK
HPO10_11-S2-I,HPO10_11-S2,2024-07-21,True,OK
HPO10_12-S1-I,HPO10_12-S1,2025-01-07,True,OK
HPO10_13-S1-I,HPO10_13-S1,2024-07-16,False,OK
HPO10_14-S1-I,HPO10_14-S1,2024-07-15,True,OK
HPO10_14-S2-I,HPO10_14-S2,2024-07-02,True,Future herself with chair rise.
HPO10_15-S1-I,HPO10_15-S1,2024-11-18,True,OK
HPO10_16-S1-I,HPO10_16-S1,2025-02-25,True,OK
HPO10_17-S1-I,HPO10_17-S1,2024-07-12,True,OK
HPO10_17-S2-I,HPO10_17-S2,2024-07-15,True,OK
HPO10_18-S1-I,HPO10_18-S1,2024-09-19,True,OK
HPO11_1-S1-I,HPO11_1-S1,2024-08-18,False,OK
HPO11_1-S2-I,HPO11_1-S2,2024-09-02,True,OK
HPO11_2-S1-I,HPO11_2-S1,2025-01-22,True,OK
HPO11_3-S1-I,HPO11_3-S1,2025-06-03,True,OK
HPO11_4-S1-I,HPO11_4-S1,2024-06-29,True,OK
HPO11_5-S1-I,HPO11_5-S1,2025-05-07,True,OK
HPO11_5-S2-I,HPO11_5-S2,2025-05-22,True,OK
HPO11_6-S1-I,HPO11_6-S1,2025-02-26,True,OK
HPO11_7-S1-I,HPO11_7-S1,2024-08-22,True,OK
HPO11_7-S2-I,HPO11_7-S2,2024-08-22,True,OK
HPO11_8-S1-I,HPO11_8-S1,2025-01-30,True,OK
HPO11_9-S1-I,HPO11_9-S1,2025-04-05,True,OK
HPO11_10-S1-I,HPO11_10-S1,2024-12-09,True,OK
HPO11_10-S2-I,HPO11_10-S2,2024-12-20,True,OK
HPO11_11-S1-I,HPO11_11-S1,2024-08-21,True,OK
HPO11_12-S1-I,HPO11_12-S1,2025-05-29,True,OK
HPO11_13-S1-I,HPO11_13-S1,2024-12-21,True,Book chance size compare paper group leader develop.
HPO11_14-S1-I,HPO11_14-S1,2024-09-19,True,OK
HPO11_15-S1-I,HPO11_15-S1,2024-10-07,True,OK
HPO11_16-S1-I,HPO11_16-S1,2025-01-19,True,OK
HPO11_17-S1-I,HPO11_17-S1,2024-09-24,True,OK
HPO11_18-S1-I,HPO11_18-S1,2024-08-20,True,OK
HPO11_19-S1-I,HPO11_19-S1,2024-12-08,True,Agency foot throw market PM lot design off.
HPO12_1-S1-I,HPO12_1-S1,2025-04-26,True,OK
HPO12_1-S2-I,HPO12_1-S2,2025-04-14,True,OK
HPO12_2-S1-I,HPO12_2-S1,2024-09-04,True,Build popular none gas owner.
HPO12_3-S1-I,HPO12_3-S1,2025-01-22,True,OK
HPO12_3-S2-I,HPO12_3-S2,2025-01-27,True,OK
HPO12_4-S1-I,HPO12_4-S1,2024-12-09,True,OK
HPO12_5-S1-I,HPO12_5-S1,2025-03-13,True,OK
HPO12_5-S2-I,HPO12_5-S2,2025-02-24,True,OK
HPO12_6-S1-I,HPO12_6-S1,2024-09-11,True,OK
HPO12_7-S1-I,HPO12_7-S1,2024-09-07,True,OK
HPO12_8-S1-I,HPO12_8-S1,2024-08-10,True,OK
HPO12_9-S1-I,HPO12_9-S1,2025-04-30,True,OK
HPO12_10-S1-I,HPO12_10-S1,2025-02-17,True,OK
HPO12_10-S2-I,HPO12_10-S2,2025-02-20,True,OK
HPO12_11-S1-I,HPO12_11-S1,2024-11-30,True,OK
HPO12_11-S2-I,HPO12_11-S2,2024-11-29,True,OK
HPO12_12-S1-I,HPO12_12-S1,2024-07-20,True,OK
HPO12_13-S1-I,HPO12_13-S1,2024-07-30,True,OK
HPO12_13-S2-I,HPO12_13-S2,2024-07-31,False,OK
HPO12_14-S1-I,HPO12_14-S1,2024-07-12,True,OK
HPO12_15-S1-I,HPO12_15-S1,2024-07-21,True,Somebody it social employee put no.
HPO12_16-S1-I,HPO12_16-S1,2024-10-20,False,OK
HPO12_17-S1-I,HPO12_17-S1,2024-10-16,False,OK
HPO12_18-S1-I,HPO12_18-S1,2025-03-15,True,OK
HPO12_19-S1-I,HPO12_19-S1,2024-11-28,True,OK
HPO12_20-S1-I,HPO12_20-S1,2025-01-28,True,OK
HPO13_1-S1-I,HPO13_1-S1,2025-03-13,True,OK
HPO13_2-S1-I,HPO13_2-S1,2024-06-09,True,OK
HPO13_3-S1-I,HPO13_3-S1,2024-07-13,True,OK
HPO13_4-S1-I,HPO13_4-S1,2024-07-06,True,OK
HPO13_5-S1-I,HPO13_5-S1,2025-01-23,True,OK
HPO13_6-S1-I,HPO13_6-S1,2025-02-08,True,OK
HPO13_7-S1-I,HPO13_7-S1,2024-07-11,True,OK
HPO13_7-S2-I,HPO13_7-S2,2024-07-21,True,OK
HPO13_8-S1-I,HPO13_8-S1,2025-02-24,True,OK
HPO13_9-S1-I,HPO13_9-S1,2025-05-04,True,OK
HPO13_9-S2-I,HPO13_9-S2,2025-05-24,True,Good almost institution even walk glass garden.
HPO13_10-S1-I,HPO13_10-S1,2025-04-15,True,OK
HPO13_11-S1-I,HPO13_11-S1,2025-02-19,True,OK
HPO13_12-S1-I,HPO13_12-S1,2025-05-06,True,OK
HPO13_13-S1-I,HPO13_13-S1,2025-04-15,True,OK
HPO13_13-S2-I,HPO13_13-S2,2025-04-01,False,OK
HPO14_1-S1-I,HPO14_1-S1,2025-01-04,True,OK
HPO14_2-S1-I,HPO14_2-S1,2025-05-12,True,OK
HPO14_3-S1-I,HPO14_3-S1,2024-09-01,True,OK
HPO14_3-S2-I,HPO14_3-S2,2024-09-04,True,OK
HPO14_4-S1-I,HPO14_4-S1,2024-10-19,True,OK
HPO14_5-S1-I,HPO14_5-S1,2024-10-25,True,OK
HPO14_6-S1-I,HPO14_6-S1,2024-08-10,True,OK
HPO14_6-S2-I,HPO14_6-S2,2024-08-08,True,OK
HPO14_7-S1-I,HPO14_7-S1,2025-05-03,True,OK
HPO14_8-S1-I,HPO14_8-S1,2025-01-09,True,OK
HPO14_9-S1-I,HPO14_9-S1,2024-09-14,True,OK
HPO14_10-S1-I,HPO14_10-S1,2024-09-09,True,OK
HPO14_10-S2-I,HPO14_10-S2,2024-09-19,True,OK
HPO14_11-S1-I,HPO14_11-S1,2025-04-17,True,OK
HPO14_12-S1-I,HPO14_12-S1,2024-11-16,True,OK
HPO14_13-S1-I,HPO14_13-S1,2025-04-16,True,OK
HPO14_13-S2-I,HPO14_13-S2,2025-04-04,False,OK
HPO14_14-S1-I,HPO14_14-S1,2024-10-26,True,OK
HPO14_14-S2-I,HPO14_14-S2,2024-10-27,True,OK
HPO14_15-S1-I,HPO14_15-S1,2024-12-26,True,OK
HPO14_16-S1-I,HPO14_16-S1,2024-09-29,True,Every majority small now leader.
HPO14_16-S2-I,HPO14_16-S2,2024-09-27,True,OK
HPO15_1-S1-I,HPO15_1-S1,2025-03-05,True,OK
HPO15_2-S1-I,HPO15_2-S1,2024-12-21,True,OK
HPO15_2-S2-I,HPO15_2-S2,2024-11-28,True,OK
HPO15_3-S1-I,HPO15_3-S1,2024-07-15,False,OK
HPO15_3-S2-I,HPO15_3-S2,2024-07-10,True,OK
HPO15_4-S1-I,HPO15_4-S1,2024-06-17,True,Couple consumer about she spend ever score.
HPO15_4-S2-I,HPO15_4-S2,2024-06-25,True,OK
HPO15_5-S1-I,HPO15_5-S1,2024-07-15,True,OK
HPO15_6-S1-I,HPO15_6-S1,2024-12-23,True,OK
HPO15_7-S1-I,HPO15_7-S1,2025-05-10,True,OK
HPO15_7-S2-I,HPO15_7-S2,2025-05-08,True,Well subject so green.
HPO15_8-S1-I,HPO15_8-S1,2025-01-16,True,OK
HPO15_9-S1-I,HPO15_9-S1,2025-05-25,True,OK
HPO15_10-S1-I,HPO15_10-S1,2025-05-11,True,OK
HPO15_11-S1-I,HPO15_11-S1,2024-11-01,True,OK
HPO15_11-S2-I,HPO15_11-S2,2024-10-15,True,OK
HPO15_12-S1-I,HPO15_12-S1,2024-07-23,True,OK
HPO15_13-S1-I,HPO15_13-S1,2025-06-28,True,OK
HPO15_14-S1-I,HPO15_14-S1,2024-12-10,True,OK
HPO15_15-S1-I,HPO15_15-S1,2025-05-15,True,Risk defense marriage nearly ready art.
HPO15_16-S1-I,HPO15_16-S1,2025-05-05,True,OK
HPO15_17-S1-I,HPO15_17-S1,2025-04-24,False,OK
HPO15_18-S1-I,HPO15_18-S1,2024-12-27,True,Page model respond now pick conference large.
HPO15_19-S1-I,HPO15_19-S1,2025-02-17,True,Positive make small sort pattern.
HPO15_19-S2-I,HPO15_19-S2,2025-02-17,True,OK
HPO15_20-S1-I,HPO15_20-S1,2025-04-25,True,OK
HPO15_21-S1-I,HPO15_21-S1,2024-07-17,True,OK
HPO15_22-S1-I,HPO15_22-S1,2025-03-06,False,Off stay wide effort want short along person.
HPO15_22-S2-I,HPO15_22-S2,2025-03-10,True,OK
HPO15_23-S1-I,HPO15_23-S1,2024-10-01,True,OK
HPO15_24-S1-I,HPO15_24-S1,2024-10-10,True,OK
HPO16_1-S1-I,HPO16_1-S1,2025-05-29,True,My again management enter.
HPO16_2-S1-I,HPO16_2-S1,2024-09-05,True,OK
HPO16_2-S2-I,HPO16_2-S2,2024-09-01,True,OK
HPO16_3-S1-I,HPO16_3-S1,2024-10-28,True,OK
HPO16_3-S2-I,HPO16_3-S2,2024-10-25,True,OK
HPO16_4-S1-I,HPO16_4-S1,2024-10-04,True,OK
HPO16_5-S1-I,HPO16_5-S1,2024-11-17,True,OK
HPO16_6-S1-I,HPO16_6-S1,2025-04-04,True,OK
HPO16_7-S1-I,HPO16_7-S1,2025-01-30,True,OK
HPO16_8-S1-I,HPO16_8-S1,2024-09-29,True,OK
HPO16_9-S1-I,HPO16_9-S1,2024-08-30,True,OK
HPO16_9-S2-I,HPO16_9-S2,2024-09-01,False,OK
HPO16_10-S1-I,HPO16_10-S1,2024-09-24,True,OK
HPO16_10-S2-I,HPO16_10-S2,2024-09-10,True,OK
HPO16_11-S1-I,HPO16_11-S1,2024-10-05,True,OK
HPO16_12-S1-I,HPO16_12-S1,2024-12-10,True,OK
HPO17_1-S1-I,HPO17_1-S1,2024-08-04,True,OK
HPO17_2-S1-I,HPO17_2-S1,2024-10-12,True,OK
HPO17_3-S1-I,HPO17_3-S1,2024-11-10,True,Fall loss decade bed man.
HPO17_4-S1-I,HPO17_4-S1,2025-02-10,True,OK
HPO17_5-S1-I,HPO17_5-S1,2024-12-17,True,Investment wear white cup relationship end.
HPO17_6-S1-I,HPO17_6-S1,2025-02-12,True,OK
HPO17_7-S1-I,HPO17_7-S1,2024-11-14,False,OK
HPO17_7-S2-I,HPO17_7-S2,2024-11-17,True,OK
HPO17_8-S1-I,HPO17_8-S1,2025-02-04,True,OK
HPO17_9-S1-I,HPO17_9-S1,2024-05-19,True,OK
HPO17_10-S1-I,HPO17_10-S1,2025-06-01,True,OK
HPO17_11-S1-I,HPO17_11-S1,2024-07-18,True,OK
HPO17_12-S1-I,HPO17_12-S1,2025-01-08,False,OK
HPO17_12-S2-I,HPO17_12-S2,2025-01-22,True,OK
HPO18_1-S1-I,HPO18_1-S1,2024-12-23,True,OK
HPO18_1-S2-I,HPO18_1-S2,2025-01-15,True,Source second another factor treatment process evening.
HPO18_2-S1-I,HPO18_2-S1,2024-10-06,True,OK
HPO18_2-S2-I,HPO18_2-S2,2024-10-31,True,OK
HPO18_3-S1-I,HPO18_3-S1,2025-03-29,True,OK
HPO18_4-S1-I,HPO18_4-S1,2024-11-14,True,OK
HPO18_4-S2-I,HPO18_4-S2,2024-11-17,True,OK
HPO18_5-S1-I,HPO18_5-S1,2025-04-01,True,OK
HPO18_6-S1-I,HPO18_6-S1,2024-08-12,True,OK
HPO18_7-S1-I,HPO18_7-S1,2024-12-27,True,OK
HPO18_8-S1-I,HPO18_8-S1,2025-04-12,True,OK
HPO18_8-S2-I,HPO18_8-S2,2025-05-08,True,OK
HPO18_9-S1-I,HPO18_9-S1,2025-02-19,True,OK
HPO18_10-S1-I,HPO18_10-S1,2024-09-02,True,OK
HPO18_11-S1-I,HPO18_11-S1,2025-03-31,True,Explain through generation stop available contain.
HPO18_12-S1-I,HPO18_12-S1,2024-08-01,True,OK
HPO18_12-S2-I,HPO18_12-S2,2024-07-28,True,OK
HPO18_13-S1-I,HPO18_13-S1,2024-06-10,True,OK
HPO18_14-S1-I,HPO18_14-S1,2025-02-28,True,OK
HPO18_15-S1-I,HPO18_15-S1,2025-03-01,True,OK
HPO18_16-S1-I,HPO18_16-S1,2024-07-26,True,OK
HPO18_17-S1-I,HPO18_17-S1,2024-08-11,True,OK
HPO19_1-S1-I,HPO19_1-S1,2024-07-31,False,OK
HPO19_1-S2-I,HPO19_1-S2,2024-08-02,True,OK
HPO19_2-S1-I,HPO19_2-S1,2024-07-29,True,OK
HPO19_3-S1-I,HPO19_3-S1,2024-10-24,True,East myself cut investment design crime less.
HPO19_3-S2-I,HPO19_3-S2,2024-10-24,True,OK
HPO19_4-S1-I,HPO19_4-S1,2025-02-24,True,OK
HPO19_5-S1-I,HPO19_5-S1,2024-11-20,True,OK
HPO19_5-S2-I,HPO19_5-S2,2024-11-22,True,OK
HPO19_6-S1-I,HPO19_6-S1,2024-06-20,False,OK
HPO19_7-S1-I,HPO19_7-S1,2025-02-17,True,OK
HPO19_8-S1-I,HPO19_8-S1,2024-09-14,True,OK
HPO19_9-S1-I,HPO19_9-S1,2024-12-17,True,OK
HPO19_9-S2-I,HPO19_9-S2,2024-12-24,True,OK
HPO19_10-S1-I,HPO19_10-S1,2024-07-31,True,OK
HPO19_11-S1-I,HPO19_11-S1,2024-09-28,True,OK
HPO19_12-S1-I,HPO19_12-S1,2025-05-20,True,OK
HPO19_13-S1-I,HPO19_13-S1,2025-01-14,True,OK
HPO20_1-S1-I,HPO20_1-S1,2025-02-20,False,OK
HPO20_2-S1-I,HPO20_2-S1,2024-12-05,True,OK
HPO20_2-S2-I,HPO20_2-S2,2024-12-05,True,OK
HPO20_3-S1-I,HPO20_3-S1,2025-04-03,True,OK
HPO20_4-S1-I,HPO20_4-S1,2025-04-16,True,Family news lay theory experience.
HPO20_5-S1-I,HPO20_5-S1,2024-09-04,True,OK
HPO20_5-S2-I,HPO20_5-S2,2024-09-09,True,OK
HPO20_6-S1-I,HPO20_6-S1,2025-05-11,True,OK
HPO20_7-S1-I,HPO20_7-S1,2025-02-07,True,OK
HPO20_7-S2-I,HPO20_7-S2,2025-02-11,True,OK
HPO20_8-S1-I,HPO20_8-S1,2024-12-04,True,OK
HPO20_9-S1-I,HPO20_9-S1,2024-12-25,True,OK
HPO20_10-S1-I,HPO20_10-S1,2024-09-14,True,OK
HPO20_10-S2-I,HPO20_10-S2,2024-08-26,True,OK
HPO20_11-S1-I,HPO20_11-S1,2024-12-28,True,OK
HPO20_12-S1-I,HPO20_12-S1,2024-12-24,True,OK
HPO20_12-S2-I,HPO20_12-S2,2024-12-20,False,OK
HPO20_13-S1-I,HPO20_13-S1,2024-09-05,True,OK
HPO20_14-S1-I,HPO20_14-S1,2024-10-21,True,Billion we leave middle near foreign increase police.
HPO20_15-S1-I,HPO20_15-S1,2024-10-22,True,OK
HPO20_15-S2-I,HPO20_15-S2,2024-09-29,True,OK
HPO20_16-S1-I,HPO20_16-S1,2024-07-16,True,OK
HPO20_17-S1-I,HPO20_17-S1,2025-05-02,True,OK
HPO20_18-S1-I,HPO20_18-S1,2025-04-25,True,OK
HPO20_18-S2-I,HPO20_18-S2,2025-04-21,True,Contain stage hair without treatment.
HPO20_19-S1-I,HPO20_19-S1,2024-12-22,True,OK
HPO21_1-S1-I,HPO21_1-S1,2025-06-20,True,OK
HPO21_1-S2-I,HPO21_1-S2,2025-06-21,True,OK
HPO21_2-S1-I,HPO21_2-S1,2025-03-14,True,OK
HPO21_3-S1-I,HPO21_3-S1,2024-08-28,True,Wall focus detail force red film.
HPO21_4-S1-I,HPO21_4-S1,2024-08-30,True,OK
HPO21_5-S1-I,HPO21_5-S1,2025-02-04,True,OK
HPO21_6-S1-I,HPO21_6-S1,2025-01-21,True,Difference require push either like born.
HPO21_6-S2-I,HPO21_6-S2,2025-01-27,True,OK
HPO21_7-S1-I,HPO21_7-S1,2025-05-06,True,OK
HPO21_7-S2-I,HPO21_7-S2,2025-04-26,True,OK
HPO21_8-S1-I,HPO21_8-S1,2024-06-30,True,OK
HPO21_9-S1-I,HPO21_9-S1,2024-07-28,True,OK
HPO21_10-S1-I,HPO21_10-S1,2025-04-07,True,OK
HPO21_11-S1-I,HPO21_11-S1,2024-09-28,True,OK
HPO21_12-S1-I,HPO21_12-S1,2025-02-04,True,OK
HPO21_13-S1-I,HPO21_13-S1,2025-02-26,True,OK
HPO21_14-S1-I,HPO21_14-S1,2025-04-14,True,OK
HPO21_14-S2-I,HPO21_14-S2,2025-03-27,True,OK
HPO21_15-S1-I,HPO21_15-S1,2025-02-25,True,OK
HPO21_16-S1-I,HPO21_16-S1,2024-07-23,True,OK
HPO21_17-S1-I,HPO21_17-S1,2024-07-10,True,Visit area senior run medical.
HPO21_18-S1-I,HPO21_18-S1,2024-07-17,True,OK
HPO21_18-S2-I,HPO21_18-S2,2024-07-10,True,OK
HPO21_19-S1-I,HPO21_19-S1,2025-05-20,True,OK
HPO21_20-S1-I,HPO21_20-S1,2025-02-04,True,OK
HPO21_20-S2-I,HPO21_20-S2,2025-02-18,True,OK
HPO22_1-S1-I,HPO22_1-S1,2025-04-12,False,OK
HPO22_1-S2-I,HPO22_1-S2,2025-04-17,True,OK
HPO22_2-S1-I,HPO22_2-S1,2025-01-16,True,OK
HPO22_3-S1-I,HPO22_3-S1,2024-06-22,True,OK
HPO22_4-S1-I,HPO22_4-S1,2025-03-14,True,OK
HPO22_4-S2-I,HPO22_4-S2,2025-03-17,True,OK
HPO22_5-S1-I,HPO22_5-S1,2025-03-06,True,OK
HPO22_6-S1-I,HPO22_6-S1,2024-09-14,True,OK
HPO22_6-S2-I,HPO22_6-S2,2024-08-31,True,OK
HPO22_7-S1-I,HPO22_7-S1,2024-07-02,True,OK
HPO22_7-S2-I,HPO22_7-S2,2024-07-21,True,Health court crime miss most discover.
HPO22_8-S1-I,HPO22_8-S1,2024-07-13,True,OK
HPO22_8-S2-I,HPO22_8-S2,2024-06-26,True,OK
HPO22_9-S1-I,HPO22_9-S1,2024-09-08,False,OK
HPO22_9-S2-I,HPO22_9-S2,2024-08-29,True,OK
HPO22_10-S1-I,HPO22_10-S1,2024-07-20,True,OK
HPO22_10-S2-I,HPO22_10-S2,2024-07-16,True,OK
HPO22_11-S1-I,HPO22_11-S1,2025-03-16,True,OK
HPO22_11-S2-I,HPO22_11-S2,2025-03-17,False,OK
HPO22_12-S1-I,HPO22_12-S1,2024-12-30,True,Affect only series care newspaper purpose.
HPO22_13-S1-I,HPO22_13-S1,2024-12-09,True,OK
HPO23_1-S1-I,HPO23_1-S1,2025-04-03,True,OK
HPO23_2-S1-I,HPO23_2-S1,2024-12-15,True,OK
HPO23_3-S1-I,HPO23_3-S1,2025-01-31,True,OK
HPO23_3-S2-I,HPO23_3-S2,2025-02-13,True,OK
HPO23_4-S1-I,HPO23_4-S1,2025-01-15,True,OK
HPO23_5-S1-I,HPO23_5-S1,2025-05-18,True,OK
HPO23_6-S1-I,HPO23_6-S1,2024-07-31,True,OK
HPO23_6-S2-I,HPO23_6-S2,2024-08-08,True,OK
HPO23_7-S1-I,HPO23_7-S1,2025-05-02,True,OK
HPO23_8-S1-I,HPO23_8-S1,2025-04-17,True,OK
HPO23_8-S2-I,HPO23_8-S2,2025-05-06,True,OK
HPO23_9-S1-I,HPO23_9-S1,2025-01-28,True,OK
HPO23_9-S2-I,HPO23_9-S2,2025-02-07,True,OK
HPO23_10-S1-I,HPO23_10-S1,2024-06-05,True,OK
HPO23_11-S1-I,HPO23_11-S1,2024-08-19,True,OK
HPO23_12-S1-I,HPO23_12-S1,2024-10-07,True,OK
HPO23_12-S2-I,HPO23_12-S2,2024-10-06,True,OK
HPO23_13-S1-I,HPO23_13-S1,2024-10-21,True,OK
HPO23_13-S2-I,HPO23_13-S2,2024-11-04,True,OK
HPO23_14-S1-I,HPO23_14-S1,2025-01-30,True,OK
HPO23_15-S1-I,HPO23_15-S1,2024-12-07,True,OK
HPO23_15-S2-I,HPO23_15-S2,2024-12-19,True,OK
HPO23_16-S1-I,HPO23_16-S1,2024-09-24,False,OK
HPO23_16-S2-I,HPO23_16-S2,2024-09-29,True,OK
HPO23_17-S1-I,HPO23_17-S1,2025-02-26,True,OK
HPO23_18-S1-I,HPO23_18-S1,2025-03-02,True,OK
HPO23_19-S1-I,HPO23_19-S1,2025-02-06,False,OK
HPO23_20-S1-I,HPO23_20-S1,2025-05-22,True,OK
HPO24_1-S1-I,HPO24_1-S1,2024-09-05,True,OK
HPO24_2-S1-I,HPO24_2-S1,2025-03-08,False,OK
HPO24_3-S1-I,HPO24_3-S1,2024-09-18,True,OK
HPO24_3-S2-I,HPO24_3-S2,2024-09-16,True,OK
HPO24_4-S1-I,HPO24_4-S1,2025-04-05,True,OK
HPO24_5-S1-I,HPO24_5-S1,2025-03-08,True,OK
HPO24_6-S1-I,HPO24_6-S1,2025-04-13,True,OK
HPO24_7-S1-I,HPO24_7-S1,2025-01-07,True,OK
HPO24_7-S2-I,HPO24_7-S2,2025-01-16,True,OK
HPO24_8-S1-I,HPO24_8-S1,2024-09-16,True,OK
HPO24_9-S1-I,HPO24_9-S1,2024-08-24,True,OK
HPO24_10-S1-I,HPO24_10-S1,2025-03-08,True,Computer leave authority make American when soldier management.
HPO24_11-S1-I,HPO24_11-S1,2025-02-06,True,OK
HPO24_11-S2-I,HPO24_11-S2,2025-03-12,True,OK
HPO24_12-S1-I,HPO24_12-S1,2024-06-28,True,OK
HPO24_13-S1-I,HPO24_13-S1,2025-05-12,False,OK
HPO24_13-S2-I,HPO24_13-S2,2025-05-11,True,OK
HPO25_1-S1-I,HPO25_1-S1,2024-09-24,True,OK
HPO25_2-S1-I,HPO25_2-S1,2024-06-14,True,OK
HPO25_3-S1-I,HPO25_3-S1,2025-01-17,True,OK
HPO25_4-S1-I,HPO25_4-S1,2024-09-03,True,OK
HPO25_4-S2-I,HPO25_4-S2,2024-08-30,True,OK
HPO25_5-S1-I,HPO25_5-S1,2024-08-17,True,OK
HPO25_6-S1-I,HPO25_6-S1,2024-12-06,True,OK
HPO25_6-S2-I,HPO25_6-S2,2024-12-11,True,OK
HPO25_7-S1-I,HPO25_7-S1,2025-05-11,True,OK
HPO25_8-S1-I,HPO25_8-S1,2024-09-06,True,OK
HPO25_9-S1-I,HPO25_9-S1,2025-05-07,False,OK
HPO25_10-S1-I,HPO25_10-S1,2025-04-23,True,OK
HPO25_11-S1-I,HPO25_11-S1,2024-08-29,True,OK
HPO25_12-S1-I,HPO25_12-S1,2024-07-02,True,Billion Mr agree tax stand story cup.
HPO25_13-S1-I,HPO25_13-S1,2025-05-14,True,OK
HPO25_13-S2-I,HPO25_13-S2,2025-05-06,True,OK
HPO25_14-S1-I,HPO25_14-S1,2025-01-13,True,OK
HPO25_14-S2-I,HPO25_14-S2,2025-01-15,True,OK
HPO25_15-S1-I,HPO25_15-S1,2025-03-14,True,OK
HPO25_16-S1-I,HPO25_16-S1,2024-10-31,True,Other follow five where economy door.
HPO26_1-S1-I,HPO26_1-S1,2025-02-24,True,OK
HPO26_2-S1-I,HPO26_2-S1,2024-07-20,True,OK
HPO26_3-S1-I,HPO26_3-S1,2025-01-27,True,OK
HPO26_4-S1-I,HPO26_4-S1,2025-02-27,True,OK
HPO26_5-S1-I,HPO26_5-S1,2025-01-15,True,OK
HPO26_6-S1-I,HPO26_6-S1,2025-05-23,True,OK
HPO26_6-S2-I,HPO26_6-S2,2025-05-08,True,OK
HPO26_7-S1-I,HPO26_7-S1,2024-09-10,False,OK
HPO26_7-S2-I,HPO26_7-S2,2024-08-27,True,OK
HPO26_8-S1-I,HPO26_8-S1,2024-09-02,True,OK
HPO26_9-S1-I,HPO26_9-S1,2025-04-10,True,OK
HPO26_9-S2-I,HPO26_9-S2,2025-04-09,True,OK
HPO26_10-S1-I,HPO26_10-S1,2024-12-26,True,OK
HPO26_11-S1-I,HPO26_11-S1,2024-11-27,True,OK
HPO26_11-S2-I,HPO26_11-S2,2024-11-30,False,Move institution lot beautiful operation.
HPO26_12-S1-I,HPO26_12-S1,2024-09-21,True,OK
HPO27_1-S1-I,HPO27_1-S1,2024-12-24,True,OK
HPO27_2-S1-I,HPO27_2-S1,2025-06-13,True,OK
HPO27_2-S2-I,HPO27_2-S2,2025-06-09,True,OK
HPO27_3-S1-I,HPO27_3-S1,2025-04-01,True,OK
HPO27_4-S1-I,HPO27_4-S1,2024-09-04,True,OK
HPO27_5-S1-I,HPO27_5-S1,2024-09-28,True,OK
HPO27_5-S2-I,HPO27_5-S2,2024-09-28,True,OK
HPO27_6-S1-I,HPO27_6-S1,2025-02-14,False,OK
HPO27_7-S1-I,HPO27_7-S1,2024-09-19,True,OK
HPO27_7-S2-I,HPO27_7-S2,2024-09-19,True,OK
HPO27_8-S1-I,HPO27_8-S1,2025-04-24,True,OK
HPO27_9-S1-I,HPO27_9-S1,2024-10-23,True,OK
HPO27_10-S1-I,HPO27_10-S1,2025-05-12,True,OK
HPO27_10-S2-I,HPO27_10-S2,2025-06-04,True,OK
HPO27_11-S1-I,HPO27_11-S1,2025-05-31,True,OK
HPO27_11-S2-I,HPO27_11-S2,2025-04-28,True,OK
HPO27_12-S1-I,HPO27_12-S1,2024-12-05,True,OK
HPO27_13-S1-I,HPO27_13-S1,2024-07-18,True,OK
HPO27_14-S1-I,HPO27_14-S1,2025-03-21,True,OK
HPO27_15-S1-I,HPO27_15-S1,2024-07-21,True,OK
HPO27_15-S2-I,HPO27_15-S2,2024-08-11,True,Live maintain which right child well.
HPO28_1-S1-I,HPO28_1-S1,2025-05-02,True,OK
HPO28_2-S1-I,HPO28_2-S1,2024-07-02,True,OK
HPO28_3-S1-I,HPO28_3-S1,2024-12-24,True,OK
HPO28_4-S1-I,HPO28_4-S1,2025-01-11,False,OK
HPO28_4-S2-I,HPO28_4-S2,2025-01-30,True,Throw each consumer understand involve final end.
HPO28_5-S1-I,HPO28_5-S1,2025-01-13,True,OK
HPO28_6-S1-I,HPO28_6-S1,2024-12-27,False,OK
HPO28_7-S1-I,HPO28_7-S1,2025-04-10,True,OK
HPO28_7-S2-I,HPO28_7-S2,2025-04-23,True,OK
HPO28_8-S1-I,HPO28_8-S1,2024-09-27,True,And word public such individual management without difficult.
HPO28_8-S2-I,HPO28_8-S2,2024-09-13,True,OK
HPO28_9-S1-I,HPO28_9-S1,2025-05-14,True,OK
HPO28_10-S1-I,HPO28_10-S1,2024-09-10,True,OK
HPO28_11-S1-I,HPO28_11-S1,2024-10-27,True,OK
HPO28_11-S2-I,HPO28_11-S2,2024-10-31,False,OK
HPO28_12-S1-I,HPO28_12-S1,2024-12-04,False,OK
HPO28_12-S2-I,HPO28_12-S2,2024-12-16,True,OK
HPO28_13-S1-I,HPO28_13-S1,2025-02-20,True,OK
HPO28_14-S1-I,HPO28_14-S1,2024-07-29,True,OK
HPO28_15-S1-I,HPO28_15-S1,2025-03-24,True,OK
HPO28_16-S1-I,HPO28_16-S1,2024-09-01,True,OK
HPO28_17-S1-I,HPO28_17-S1,2024-07-29,True,OK
HPO28_18-S1-I,HPO28_18-S1,2025-04-30,True,OK
HPO28_19-S1-I,HPO28_19-S1,2025-05-30,True,OK
HPO29_1-S1-I,HPO29_1-S1,2025-03-26,True,OK
HPO29_2-S1-I,HPO29_2-S1,2024-08-17,True,OK
HPO29_3-S1-I,HPO29_3-S1,2025-04-14,True,Factor of buy good.
HPO29_4-S1-I,HPO29_4-S1,2024-10-01,True,OK
HPO29_5-S1-I,HPO29_5-S1,2024-07-31,True,OK
HPO29_6-S1-I,HPO29_6-S1,2025-03-05,True,OK
HPO29_7-S1-I,HPO29_7-S1,2024-09-15,True,OK
HPO29_7-S2-I,HPO29_7-S2,2024-09-17,True,OK
HPO29_8-S1-I,HPO29_8-S1,2025-01-24,True,OK
HPO29_9-S1-I,HPO29_9-S1,2025-02-17,True,OK
HPO29_9-S2-I,HPO29_9-S2,2025-01-22,True,OK
HPO29_10-S1-I,HPO29_10-S1,2024-12-02,True,Sea hit money other like.
HPO29_11-S1-I,HPO29_11-S1,2024-08-16,True,OK
HPO29_12-S1-I,HPO29_12-S1,2025-06-03,True,OK
HPO29_13-S1-I,HPO29_13-S1,2024-09-01,True,OK
HPO29_13-S2-I,HPO29_13-S2,2024-08-31,True,OK
HPO29_14-S1-I,HPO29_14-S1,2024-12-11,True,OK
HPO29_14-S2-I,HPO29_14-S2,2024-11-26,True,OK
HPO29_15-S1-I,HPO29_15-S1,2025-05-18,True,OK
HPO29_16-S1-I,HPO29_16-S1,2025-01-20,False,OK
HPO29_17-S1-I,HPO29_17-S1,2025-03-25,True,OK
HPO29_18-S1-I,HPO29_18-S1,2024-12-01,True,OK
HPO29_18-S2-I,HPO29_18-S2,2024-11-24,True,Authority speech quality later become view during skill.
HPO29_19-S1-I,HPO29_19-S1,2024-11-12,True,OK
HPO30_1-S1-I,HPO30_1-S1,2025-02-07,True,OK
HPO30_2-S1-I,HPO30_2-S1,2024-10-17,True,OK
HPO30_3-S1-I,HPO30_3-S1,2025-04-13,True,Son discover line trial.
HPO30_3-S2-I,HPO30_3-S2,2025-04-07,True,OK
HPO30_4-S1-I,HPO30_4-S1,2025-04-24,True,OK
HPO30_4-S2-I,HPO30_4-S2,2025-04-20,True,OK
HPO30_5-S1-I,HPO30_5-S1,2024-11-11,True,OK
HPO30_5-S2-I,HPO30_5-S2,2024-11-09,True,Interest Mrs effort often political.
HPO30_6-S1-I,HPO30_6-S1,2024-08-30,True,OK
HPO30_7-S1-I,HPO30_7-S1,2025-01-13,True,Staff to item not environment however floor.
HPO30_8-S1-I,HPO30_8-S1,2024-09-28,True,OK
HPO30_9-S1-I,HPO30_9-S1,2025-01-14,False,There management himself teacher better information.
HPO30_10-S1-I,HPO30_10-S1,2024-12-14,True,OK
HPO30_11-S1-I,HPO30_11-S1,2024-07-04,True,OK
HPO30_11-S2-I,HPO30_11-S2,2024-07-05,False,OK
HPO30_12-S1-I,HPO30_12-S1,2025-01-28,True,OK
HPO30_13-S1-I,HPO30_13-S1,2025-05-09,True,Statement treatment continue base professor.
HPO30_14-S1-I,HPO30_14-S1,2024-10-01,True,OK
HPO31_1-S1-I,HPO31_1-S1,2024-09-28,True,OK
HPO31_2-S1-I,HPO31_2-S1,2024-08-06,True,OK
HPO31_2-S2-I,HPO31_2-S2,2024-08-12,True,OK
HPO31_3-S1-I,HPO31_3-S1,2025-05-06,True,OK
HPO31_4-S1-I,HPO31_4-S1,2025-01-09,True,OK
HPO31_5-S1-I,HPO31_5-S1,2025-01-16,True,OK
HPO31_6-S1-I,HPO31_6-S1,2024-10-05,True,OK
HPO31_7-S1-I,HPO31_7-S1,2025-02-26,True,OK
HPO31_8-S1-I,HPO31_8-S1,2024-09-01,False,OK
HPO31_8-S2-I,HPO31_8-S2,2024-09-25,True,Quality base although official truth subject.
HPO31_9-S1-I,HPO31_9-S1,2024-08-01,False,OK
HPO31_10-S1-I,HPO31_10-S1,2025-05-27,True,Throw above pressure interview.
HPO31_11-S1-I,HPO31_11-S1,2025-04-05,True,OK
HPO31_12-S1-I,HPO31_12-S1,2024-11-28,True,OK
HPO31_13-S1-I,HPO31_13-S1,2025-05-26,True,OK
HPO31_14-S1-I,HPO31_14-S1,2025-03-07,True,OK
HPO31_15-S1-I,HPO31_15-S1,2025-03-06,True,OK
HPO31_15-S2-I,HPO31_15-S2,2025-02-19,True,OK
HPO32_1-S1-I,HPO32_1-S1,2024-08-21,True,OK
HPO32_2-S1-I,HPO32_2-S1,2025-02-01,True,OK
HPO32_2-S2-I,HPO32_2-S2,2025-01-14,True,OK
HPO32_3-S1-I,HPO32_3-S1,2025-02-11,True,OK
HPO32_4-S1-I,HPO32_4-S1,2024-09-15,True,OK
HPO32_4-S2-I,HPO32_4-S2,2024-10-03,True,Church certain pick provide body push college late.
HPO32_5-S1-I,HPO32_5-S1,2024-11-26,True,OK
HPO32_6-S1-I,HPO32_6-S1,2024-08-27,True,OK
HPO32_7-S1-I,HPO32_7-S1,2024-10-16,True,OK
HPO32_7-S2-I,HPO32_7-S2,2024-10-21,False,OK
HPO32_8-S1-I,HPO32_8-S1,2025-03-04,True,OK
HPO32_8-S2-I,HPO32_8-S2,2025-03-09,True,OK
HPO32_9-S1-I,HPO32_9-S1,2024-09-23,False,OK
HPO32_9-S2-I,HPO32_9-S2,2024-09-24,True,OK
HPO32_10-S1-I,HPO32_10-S1,2025-04-20,True,OK
HPO32_11-S1-I,HPO32_11-S1,2024-07-13,True,OK
HPO32_12-S1-I,HPO32_12-S1,2024-10-03,True,OK
HPO32_12-S2-I,HPO32_12-S2,2024-08-31,True,OK
HPO32_13-S1-I,HPO32_13-S1,2024-09-26,True,OK
HPO32_14-S1-I,HPO32_14-S1,2025-03-13,True,OK
HPO32_14-S2-I,HPO32_14-S2,2025-03-13,True,OK
HPO32_15-S1-I,HPO32_15-S1,2024-10-17,False,OK
HPO32_16-S1-I,HPO32_16-S1,2024-08-28,True,OK
HPO33_1-S1-I,HPO33_1-S1,2025-01-01,False,OK
HPO33_2-S1-I,HPO33_2-S1,2025-03-27,True,OK
HPO33_3-S1-I,HPO33_3-S1,2025-01-19,True,OK
HPO33_4-S1-I,HPO33_4-S1,2025-02-08,True,OK
HPO33_5-S1-I,HPO33_5-S1,2024-11-15,True,Style letter into official.
HPO33_5-S2-I,HPO33_5-S2,2024-11-01,True,OK
HPO33_6-S1-I,HPO33_6-S1,2025-01-12,True,OK
HPO33_6-S2-I,HPO33_6-S2,2025-01-14,True,OK
HPO33_7-S1-I,HPO33_7-S1,2025-05-22,False,OK
HPO33_7-S2-I,HPO33_7-S2,2025-05-27,True,OK
HPO33_8-S1-I,HPO33_8-S1,2025-05-28,True,OK
HPO33_9-S1-I,HPO33_9-S1,2024-09-17,True,OK
HPO33_10-S1-I,HPO33_10-S1,2025-06-01,True,OK
HPO33_11-S1-I,HPO33_11-S1,2024-06-12,True,OK
HPO33_11-S2-I,HPO33_11-S2,2024-07-05,True,OK
HPO33_12-S1-I,HPO33_12-S1,2025-04-05,False,OK
HPO33_13-S1-I,HPO33_13-S1,2024-12-14,True,OK
HPO33_14-S1-I,HPO33_14-S1,2024-08-29,True,OK
HPO33_14-S2-I,HPO33_14-S2,2024-08-02,True,OK
HPO33_15-S1-I,HPO33_15-S1,2025-02-24,True,OK
HPO33_15-S2-I,HPO33_15-S2,2025-02-12,True,OK
HPO33_16-S1-I,HPO33_16-S1,2025-02-22,True,OK
HPO33_17-S1-I,HPO33_17-S1,2025-02-17,True,OK
HPO34_1-S1-I,HPO34_1-S1,2024-09-30,True,OK
HPO34_1-S2-I,HPO34_1-S2,2024-09-22,True,OK
HPO34_2-S1-I,HPO34_2-S1,2024-10-20,True,OK
HPO34_3-S1-I,HPO34_3-S1,2025-02-17,True,OK
HPO34_4-S1-I,HPO34_4-S1,2025-04-23,True,People industry couple skill discussion writer.
HPO34_4-S2-I,HPO34_4-S2,2025-04-11,True,OK
HPO34_5-S1-I,HPO34_5-S1,2024-11-02,True,OK
HPO34_6-S1-I,HPO34_6-S1,2025-03-15,True,OK
HPO34_6-S2-I,HPO34_6-S2,2025-04-21,True,OK
HPO34_7-S1-I,HPO34_7-S1,2024-09-28,True,OK
HPO34_8-S1-I,HPO34_8-S1,2024-10-28,True,Too detail high.
HPO34_8-S2-I,HPO34_8-S2,2024-10-09,False,OK
HPO34_9-S1-I,HPO34_9-S1,2024-09-25,True,OK
HPO34_9-S2-I,HPO34_9-S2,2024-10-04,True,Read information edge series business participant.
HPO34_10-S1-I,HPO34_10-S1,2025-03-22,True,OK
HPO34_10-S2-I,HPO34_10-S2,2025-03-13,True,OK
HPO34_11-S1-I,HPO34_11-S1,2025-04-27,True,OK
HPO34_12-S1-I,HPO34_12-S1,2024-06-05,True,OK
HPO34_12-S2-I,HPO34_12-S2,2024-06-04,True,OK
HPO34_13-S1-I,HPO34_13-S1,2025-01-06,True,OK
HPO34_14-S1-I,HPO34_14-S1,2025-06-03,True,OK
HPO35_1-S1-I,HPO35_1-S1,2024-07-16,True,OK
HPO35_2-S1-I,HPO35_2-S1,2025-04-18,True,OK
HPO35_3-S1-I,HPO35_3-S1,2025-01-07,True,OK
HPO35_3-S2-I,HPO35_3-S2,2025-01-21,True,OK
HPO35_4-S1-I,HPO35_4-S1,2024-09-14,False,OK
HPO35_5-S1-I,HPO35_5-S1,2024-09-17,True,OK
HPO35_6-S1-I,HPO35_6-S1,2025-01-02,True,OK
HPO35_7-S1-I,HPO35_7-S1,2025-03-19,True,OK
HPO35_7-S2-I,HPO35_7-S2,2025-03-09,True,OK
HPO35_8-S1-I,HPO35_8-S1,2025-05-22,True,OK
HPO35_9-S1-I,HPO35_9-S1,2024-12-26,True,OK
HPO35_9-S2-I,HPO35_9-S2,2024-12-31,True,Certain edge effect ahead.
HPO35_10-S1-I,HPO35_10-S1,2025-04-27,True,Call single simple.
HPO35_11-S1-I,HPO35_11-S1,2024-11-06,True,OK
HPO35_12-S1-I,HPO35_12-S1,2024-10-14,True,OK
HPO35_13-S1-I,HPO35_13-S1,2025-03-17,True,OK
HPO35_13-S2-I,HPO35_13-S2,2025-03-24,True,OK
HPO36_1-S1-I,HPO36_1-S1,2024-08-08,True,OK
HPO36_2-S1-I,HPO36_2-S1,2025-04-03,True,OK
HPO36_3-S1-I,HPO36_3-S1,2025-02-20,True,OK
HPO36_4-S1-I,HPO36_4-S1,2025-01-29,True,OK
HPO36_4-S2-I,HPO36_4-S2,2025-02-15,False,OK
HPO36_5-S1-I,HPO36_5-S1,2024-09-25,True,OK
HPO36_6-S1-I,HPO36_6-S1,2025-05-01,True,OK
HPO36_6-S2-I,HPO36_6-S2,2025-05-08,True,OK
HPO36_7-S1-I,HPO36_7-S1,2024-11-06,False,OK
HPO36_8-S1-I,HPO36_8-S1,2024-08-10,True,OK
HPO36_8-S2-I,HPO36_8-S2,2024-08-22,True,OK
HPO36_9-S1-I,HPO36_9-S1,2025-03-05,True,OK
HPO36_9-S2-I,HPO36_9-S2,2025-03-12,True,OK
HPO36_10-S1-I,HPO36_10-S1,2025-05-27,True,OK
HPO36_11-S1-I,HPO36_11-S1,2024-07-23,True,OK
HPO36_12-S1-I,HPO36_12-S1,2024-12-15,False,OK
HPO36_13-S1-I,HPO36_13-S1,2024-08-08,True,Guy agency we save.
HPO36_14-S1-I,HPO36_14-S1,2024-10-01,True,OK
HPO36_14-S2-I,HPO36_14-S2,2024-09-30,True,OK
HPO36_15-S1-I,HPO36_15-S1,2024-08-10,True,OK
HPO36_16-S1-I,HPO36_16-S1,2024-06-28,True,OK
HPO36_17-S1-I,HPO36_17-S1,2025-03-07,True,OK
HPO36_18-S1-I,HPO36_18-S1,2024-08-11,True,OK
HPO37_1-S1-I,HPO37_1-S1,2024-11-05,True,OK
HPO37_1-S2-I,HPO37_1-S2,2024-11-19,True,OK
HPO37_2-S1-I,HPO37_2-S1,2024-09-04,True,OK
HPO37_3-S1-I,HPO37_3-S1,2025-02-09,True,OK
HPO37_4-S1-I,HPO37_4-S1,2024-07-02,True,OK
HPO37_4-S2-I,HPO37_4-S2,2024-07-03,True,OK
HPO37_5-S1-I,HPO37_5-S1,2024-12-27,True,OK
HPO37_6-S1-I,HPO37_6-S1,2024-09-25,True,OK
HPO37_7-S1-I,HPO37_7-S1,2025-02-22,True,OK
HPO37_7-S2-I,HPO37_7-S2,2025-02-14,True,OK
HPO37_8-S1-I,HPO37_8-S1,2025-02-25,True,OK
HPO37_9-S1-I,HPO37_9-S1,2025-04-30,True,OK
HPO37_9-S2-I,HPO37_9-S2,2025-04-18,True,OK
HPO37_10-S1-I,HPO37_10-S1,2024-10-07,True,OK
HPO37_10-S2-I,HPO37_10-S2,2024-10-13,True,OK
HPO37_11-S1-I,HPO37_11-S1,2025-02-03,True,OK
HPO37_12-S1-I,HPO37_12-S1,2025-02-09,False,OK
HPO37_13-S1-I,HPO37_13-S1,2024-09-04,True,OK
HPO37_14-S1-I,HPO37_14-S1,2025-04-17,True,Main meeting space pull hotel.
HPO38_1-S1-I,HPO38_1-S1,2024-07-22,True,OK
HPO38_1-S2-I,HPO38_1-S2,2024-08-03,True,Pass reality check two identify likely order surface.
HPO38_2-S1-I,HPO38_2-S1,2024-08-20,True,OK
HPO38_3-S1-I,HPO38_3-S1,2025-05-04,True,OK
HPO38_4-S1-I,HPO38_4-S1,2024-09-11,True,OK
HPO38_5-S1-I,HPO38_5-S1,2024-12-05,True,OK
HPO38_5-S2-I,HPO38_5-S2,2024-12-01,True,OK
HPO38_6-S1-I,HPO38_6-S1,2025-04-06,True,OK
HPO38_6-S2-I,HPO38_6-S2,2025-04-28,True,Return administration name style nearly anyone.
HPO38_7-S1-I,HPO38_7-S1,2025-01-11,True,OK
HPO38_7-S2-I,HPO38_7-S2,2025-01-15,True,OK
HPO38_8-S1-I,HPO38_8-S1,2024-09-11,True,OK
HPO38_9-S1-I,HPO38_9-S1,2024-10-19,True,OK
HPO38_10-S1-I,HPO38_10-S1,2024-07-29,True,OK
HPO38_10-S2-I,HPO38_10-S2,2024-07-31,True,OK
HPO38_11-S1-I,HPO38_11-S1,2025-05-16,True,OK
HPO38_11-S2-I,HPO38_11-S2,2025-04-30,True,Keep film girl physical continue do already.
HPO38_12-S1-I,HPO38_12-S1,2024-08-29,True,OK
HPO38_13-S1-I,HPO38_13-S1,2024-11-25,True,Machine question view.
HPO38_14-S1-I,HPO38_14-S1,2024-09-11,True,OK
HPO38_15-S1-I,HPO38_15-S1,2025-04-11,True,OK
HPO38_15-S2-I,HPO38_15-S2,2025-04-27,True,OK
HPO38_16-S1-I,HPO38_16-S1,2024-07-04,True,OK
HPO38_16-S2-I,HPO38_16-S2,2024-06-08,True,OK
HPO38_17-S1-I,HPO38_17-S1,2024-12-10,True,OK
HPO38_18-S1-I,HPO38_18-S1,2025-04-24,True,OK
HPO38_19-S1-I,HPO38_19-S1,2024-10-22,True,OK
HPO38_20-S1-I,HPO38_20-S1,2025-04-23,True,OK
HPO38_20-S2-I,HPO38_20-S2,2025-04-28,True,OK
HPO38_21-S1-I,HPO38_21-S1,2024-09-10,True,OK
HPO39_1-S1-I,HPO39_1-S1,2024-12-27,True,OK
HPO39_1-S2-I,HPO39_1-S2,2024-12-24,True,OK
HPO39_2-S1-I,HPO39_2-S1,2024-11-26,True,OK
HPO39_3-S1-I,HPO39_3-S1,2025-04-17,True,Western resource generation tree this.
HPO39_4-S1-I,HPO39_4-S1,2024-08-07,True,OK
HPO39_5-S1-I,HPO39_5-S1,2025-01-03,True,OK
HPO39_6-S1-I,HPO39_6-S1,2024-10-16,False,OK
HPO39_7-S1-I,HPO39_7-S1,2025-05-02,True,Section her three suffer.
HPO39_8-S1-I,HPO39_8-S1,2024-07-27,True,OK
HPO39_9-S1-I,HPO39_9-S1,2025-01-22,False,OK
HPO39_10-S1-I,HPO39_10-S1,2024-08-02,True,OK
HPO39_11-S1-I,HPO39_11-S1,2024-06-21,True,OK
HPO39_11-S2-I,HPO39_11-S2,2024-06-29,True,OK
HPO39_12-S1-I,HPO39_12-S1,2025-02-11,True,OK
HPO39_13-S1-I,HPO39_13-S1,2025-06-02,True,OK
HPO39_14-S1-I,HPO39_14-S1,2025-01-01,True,OK
HPO39_15-S1-I,HPO39_15-S1,2025-01-14,True,OK
HPO39_16-S1-I,HPO39_16-S1,2024-12-28,True,OK
HPO39_16-S2-I,HPO39_16-S2,2025-01-04,True,OK
HPO39_17-S1-I,HPO39_17-S1,2025-03-29,True,OK
HPO39_18-S1-I,HPO39_18-S1,2025-04-18,True,OK
HPO39_18-S2-I,HPO39_18-S2,2025-04-07,True,OK
HPO39_19-S1-I,HPO39_19-S1,2024-12-22,True,OK
HPO39_19-S2-I,HPO39_19-S2,2024-12-27,True,OK
HPO39_20-S1-I,HPO39_20-S1,2024-07-07,True,OK
HPO39_21-S1-I,HPO39_21-S1,2025-04-14,True,OK
HPO39_21-S2-I,HPO39_21-S2,2025-04-05,True,OK
HPO39_22-S1-I,HPO39_22-S1,2024-11-23,True,OK
HPO40_1-S1-I,HPO40_1-S1,2025-01-15,True,OK
HPO40_2-S1-I,HPO40_2-S1,2024-10-18,True,OK
HPO40_3-S1-I,HPO40_3-S1,2024-12-21,False,OK
HPO40_4-S1-I,HPO40_4-S1,2024-11-22,True,OK
HPO40_4-S2-I,HPO40_4-S2,2024-11-19,True,OK
HPO40_5-S1-I,HPO40_5-S1,2024-07-12,True,OK
HPO40_5-S2-I,HPO40_5-S2,2024-07-23,True,OK
HPO40_6-S1-I,HPO40_6-S1,2024-09-16,True,OK
HPO40_7-S1-I,HPO40_7-S1,2024-11-02,True,OK
HPO40_8-S1-I,HPO40_8-S1,2025-04-11,True,OK
HPO40_9-S1-I,HPO40_9-S1,2025-03-01,True,OK
HPO40_9-S2-I,HPO40_9-S2,2025-03-03,True,OK
HPO40_10-S1-I,HPO40_10-S1,2024-12-25,True,OK
HPO40_11-S1-I,HPO40_11-S1,2024-07-09,True,OK
HPO40_12-S1-I,HPO40_12-S1,2025-03-24,False,OK
HPO40_13-S1-I,HPO40_13-S1,2025-01-25,True,OK
HPO40_14-S1-I,HPO40_14-S1,2024-12-23,True,Statement dream investment two improve.
HPO40_14-S2-I,HPO40_14-S2,2024-12-20,True,OK
HPO40_15-S1-I,HPO40_15-S1,2024-12-19,True,OK
HPO40_15-S2-I,HPO40_15-S2,2024-12-15,False,OK
HPO40_16-S1-I,HPO40_16-S1,2025-03-21,True,Really group color former.
HPO40_16-S2-I,HPO40_16-S2,2025-03-28,True,Marriage star campaign local few.
HPO40_17-S1-I,HPO40_17-S1,2025-04-15,False,OK
HPO40_18-S1-I,HPO40_18-S1,2025-02-22,False,OK
HPO41_1-S1-I,HPO41_1-S1,2025-04-07,False,OK
HPO41_2-S1-I,HPO41_2-S1,2024-06-28,True,OK
HPO41_3-S1-I,HPO41_3-S1,2025-04-22,True,OK
HPO41_4-S1-I,HPO41_4-S1,2025-05-05,True,OK
HPO41_4-S2-I,HPO41_4-S2,2025-05-13,True,OK
HPO41_5-S1-I,HPO41_5-S1,2025-03-21,True,OK
HPO41_5-S2-I,HPO41_5-S2,2025-03-07,True,OK
HPO41_6-S1-I,HPO41_6-S1,2025-05-10,True,OK
HPO41_7-S1-I,HPO41_7-S1,2025-05-07,True,OK
HPO41_8-S1-I,HPO41_8-S1,2024-08-05,True,OK
HPO41_9-S1-I,HPO41_9-S1,2024-08-20,False,OK
HPO41_9-S2-I,HPO41_9-S2,2024-08-09,True,OK
HPO41_10-S1-I,HPO41_10-S1,2024-12-23,True,OK
HPO41_11-S1-I,HPO41_11-S1,2025-04-12,True,OK
HPO41_12-S1-I,HPO41_12-S1,2024-08-13,True,OK
HPO41_13-S1-I,HPO41_13-S1,2024-05-31,True,OK
HPO41_14-S1-I,HPO41_14-S1,2025-02-27,True,OK
HPO42_1-S1-I,HPO42_1-S1,2025-02-28,True,OK
HPO42_1-S2-I,HPO42_1-S2,2025-02-17,True,OK
HPO42_2-S1-I,HPO42_2-S1,2024-10-01,True,OK
HPO42_3-S1-I,HPO42_3-S1,2024-08-21,True,OK
HPO42_4-S1-I,HPO42_4-S1,2024-06-12,False,OK
HPO42_4-S2-I,HPO42_4-S2,2024-06-11,True,OK
HPO42_5-S1-I,HPO42_5-S1,2025-04-30,False,OK
HPO42_5-S2-I,HPO42_5-S2,2025-05-01,False,OK
HPO42_6-S1-I,HPO42_6-S1,2025-03-02,True,OK
HPO42_6-S2-I,HPO42_6-S2,2025-03-09,True,OK
HPO42_7-S1-I,HPO42_7-S1,2024-08-29,False,OK
HPO42_7-S2-I,HPO42_7-S2,2024-08-09,True,OK
HPO42_8-S1-I,HPO42_8-S1,2024-07-20,True,OK
HPO42_9-S1-I,HPO42_9-S1,2024-06-15,True,OK
HPO42_10-S1-I,HPO42_10-S1,2025-05-21,True,OK
HPO42_10-S2-I,HPO42_10-S2,2025-06-07,True,OK
HPO42_11-S1-I,HPO42_11-S1,2024-07-09,True,OK
HPO42_12-S1-I,HPO42_12-S1,2024-07-30,True,OK
HPO42_12-S2-I,HPO42_12-S2,2024-07-18,True,OK
HPO42_13-S1-I,HPO42_13-S1,2024-06-22,True,OK
HPO42_13-S2-I,HPO42_13-S2,2024-06-06,True,OK
HPO42_14-S1-I,HPO42_14-S1,2025-04-04,True,OK
HPO42_15-S1-I,HPO42_15-S1,2025-01-24,False,OK
HPO42_16-S1-I,HPO42_16-S1,2025-02-22,True,Light later reflect Mr white evening feel.
HPO42_17-S1-I,HPO42_17-S1,2024-08-10,True,OK
HPO42_18-S1-I,HPO42_18-S1,2025-05-09,False,OK
HPO42_19-S1-I,HPO42_19-S1,2024-12-19,True,OK
HPO42_19-S2-I,HPO42_19-S2,2024-12-05,True,OK
HPO42_20-S1-I,HPO42_20-S1,2024-11-14,True,OK
HPO43_1-S1-I,HPO43_1-S1,2024-09-15,True,OK
HPO43_1-S2-I,HPO43_1-S2,2024-09-13,True,South remember institution over allow which.
HPO43_2-S1-I,HPO43_2-S1,2025-02-18,True,OK
HPO43_3-S1-I,HPO43_3-S1,2025-05-23,True,OK
HPO43_4-S1-I,HPO43_4-S1,2024-08-08,True,Recently newspaper start movie.
HPO43_5-S1-I,HPO43_5-S1,2024-10-11,True,OK
HPO43_6-S1-I,HPO43_6-S1,2024-12-22,True,OK
HPO43_7-S1-I,HPO43_7-S1,2024-10-26,True,OK
HPO43_7-S2-I,HPO43_7-S2,2024-10-23,True,OK
HPO43_8-S1-I,HPO43_8-S1,2025-05-19,True,Best then although.
HPO43_9-S1-I,HPO43_9-S1,2024-10-05,True,OK
HPO43_9-S2-I,HPO43_9-S2,2024-10-04,True,OK
HPO43_10-S1-I,HPO43_10-S1,2025-04-17,True,OK
HPO43_11-S1-I,HPO43_11-S1,2024-09-04,True,OK
HPO43_12-S1-I,HPO43_12-S1,2024-09-26,True,OK
HPO43_13-S1-I,HPO43_13-S1,2024-07-11,True,OK
HPO43_14-S1-I,HPO43_14-S1,2025-01-24,True,Bad amount fight left rest fast voice.
HPO43_14-S2-I,HPO43_14-S2,2025-01-15,True,OK
HPO43_15-S1-I,HPO43_15-S1,2025-06-16,True,OK
HPO43_16-S1-I,HPO43_16-S1,2024-08-28,True,OK
HPO43_16-S2-I,HPO43_16-S2,2024-08-18,True,OK
HPO43_17-S1-I,HPO43_17-S1,2024-07-14,True,OK
HPO43_18-S1-I,HPO43_18-S1,2024-08-14,True,OK
HPO43_19-S1-I,HPO43_19-S1,2024-10-13,True,OK
HPO43_20-S1-I,HPO43_20-S1,2025-01-29,False,OK
HPO44_1-S1-I,HPO44_1-S1,2024-12-23,True,Back put carry surface spend recent.
HPO44_2-S1-I,HPO44_2-S1,2024-07-29,True,OK
HPO44_2-S2-I,HPO44_2-S2,2024-07-22,True,OK
HPO44_3-S1-I,HPO44_3-S1,2025-04-07,True,OK
HPO44_3-S2-I,HPO44_3-S2,2025-04-22,True,OK
HPO44_4-S1-I,HPO44_4-S1,2024-09-18,True,Common laugh hour grow another body lose.
HPO44_4-S2-I,HPO44_4-S2,2024-09-23,True,OK
HPO44_5-S1-I,HPO44_5-S1,2025-04-21,True,OK
HPO44_6-S1-I,HPO44_6-S1,2024-12-05,False,OK
HPO44_6-S2-I,HPO44_6-S2,2024-11-17,True,OK
HPO44_7-S1-I,HPO44_7-S1,2024-08-03,True,OK
HPO44_8-S1-I,HPO44_8-S1,2025-04-16,True,OK
HPO44_9-S1-I,HPO44_9-S1,2025-03-07,True,OK
HPO44_10-S1-I,HPO44_10-S1,2024-07-12,True,OK
HPO44_11-S1-I,HPO44_11-S1,2024-11-21,True,OK
HPO44_12-S1-I,HPO44_12-S1,2024-10-11,True,OK
HPO44_13-S1-I,HPO44_13-S1,2024-08-04,True,OK
HPO44_14-S1-I,HPO44_14-S1,2025-02-04,True,OK
HPO44_15-S1-I,HPO44_15-S1,2024-08-11,True,OK
HPO44_16-S1-I,HPO44_16-S1,2024-08-27,True,OK
HPO44_17-S1-I,HPO44_17-S1,2024-12-04,True,OK
HPO44_18-S1-I,HPO44_18-S1,2024-08-27,True,Morning increase life political sound.
HPO44_19-S1-I,HPO44_19-S1,2024-07-22,True,OK
HPO44_19-S2-I,HPO44_19-S2,2024-08-01,True,Feel now rather account create bill.
HPO44_20-S1-I,HPO44_20-S1,2024-06-30,True,OK
HPO44_20-S2-I,HPO44_20-S2,2024-07-12,True,OK
HPO44_21-S1-I,HPO44_21-S1,2025-02-05,True,OK
HPO44_22-S1-I,HPO44_22-S1,2024-08-26,True,OK
HPO44_23-S1-I,HPO44_23-S1,2024-07-26,False,OK
HPO45_1-S1-I,HPO45_1-S1,2025-05-05,True,True knowledge weight tonight.
HPO45_2-S1-I,HPO45_2-S1,2024-07-18,True,OK
HPO45_2-S2-I,HPO45_2-S2,2024-07-13,True,OK
HPO45_3-S1-I,HPO45_3-S1,2024-08-17,True,OK
HPO45_4-S1-I,HPO45_4-S1,2024-09-24,True,OK
HPO45_5-S1-I,HPO45_5-S1,2024-09-23,True,OK
HPO45_6-S1-I,HPO45_6-S1,2024-08-27,True,OK
HPO45_6-S2-I,HPO45_6-S2,2024-09-04,True,OK
HPO45_7-S1-I,HPO45_7-S1,2024-11-20,True,OK
HPO45_7-S2-I,HPO45_7-S2,2024-11-19,True,OK
HPO45_8-S1-I,HPO45_8-S1,2025-03-05,True,OK
HPO45_9-S1-I,HPO45_9-S1,2024-07-22,True,OK
HPO45_10-S1-I,HPO45_10-S1,2024-11-25,True,OK
HPO45_11-S1-I,HPO45_11-S1,2025-05-06,True,OK
HPO45_11-S2-I,HPO45_11-S2,2025-05-19,True,OK
HPO45_12-S1-I,HPO45_12-S1,2025-04-19,True,OK
HPO45_12-S2-I,HPO45_12-S2,2025-03-17,True,OK
HPO45_13-S1-I,HPO45_13-S1,2025-05-04,True,OK
HPO45_14-S1-I,HPO45_14-S1,2024-09-02,True,OK
HPO45_15-S1-I,HPO45_15-S1,2025-04-25,True,OK
HPO45_16-S1-I,HPO45_16-S1,2024-12-29,True,OK
HPO45_16-S2-I,HPO45_16-S2,2024-12-22,True,OK
HPO45_17-S1-I,HPO45_17-S1,2024-11-26,True,OK
HPO45_17-S2-I,HPO45_17-S2,2024-12-04,True,OK
HPO45_18-S1-I,HPO45_18-S1,2025-01-14,False,OK
HPO45_19-S1-I,HPO45_19-S1,2024-08-30,True,OK
HPO45_20-S1-I,HPO45_20-S1,2025-04-30,True,OK
HPO45_21-S1-I,HPO45_21-S1,2024-09-13,False,OK
HPO45_22-S1-I,HPO45_22-S1,2025-01-14,True,OK
HPO45_22-S2-I,HPO45_22-S2,2025-01-26,True,Practice either wonder growth fill choice deal.
HPO46_1-S1-I,HPO46_1-S1,2024-10-25,True,OK
HPO46_2-S1-I,HPO46_2-S1,2024-12-08,True,OK
HPO46_2-S2-I,HPO46_2-S2,2024-12-13,True,OK
HPO46_3-S1-I,HPO46_3-S1,2024-12-24,True,OK
HPO46_3-S2-I,HPO46_3-S2,2024-12-17,True,OK
HPO46_4-S1-I,HPO46_4-S1,2025-04-26,False,OK
HPO46_5-S1-I,HPO46_5-S1,2024-10-24,True,OK
HPO46_5-S2-I,HPO46_5-S2,2024-10-13,False,OK
HPO46_6-S1-I,HPO46_6-S1,2024-09-25,True,OK
HPO46_7-S1-I,HPO46_7-S1,2024-08-10,True,OK
HPO46_7-S2-I,HPO46_7-S2,2024-08-14,True,Base approach money.
HPO46_8-S1-I,HPO46_8-S1,2024-11-20,True,OK
HPO46_9-S1-I,HPO46_9-S1,2024-11-09,True,OK
HPO46_10-S1-I,HPO46_10-S1,2024-08-19,True,OK
HPO46_11-S1-I,HPO46_11-S1,2024-09-10,True,OK
HPO46_11-S2-I,HPO46_11-S2,2024-09-08,True,OK
HPO46_12-S1-I,HPO46_12-S1,2024-08-31,True,OK
HPO46_12-S2-I,HPO46_12-S2,2024-08-29,True,OK
HPO46_13-S1-I,HPO46_13-S1,2025-05-19,True,OK
HPO46_14-S1-I,HPO46_14-S1,2025-03-26,True,OK
HPO46_15-S1-I,HPO46_15-S1,2024-10-16,True,Knowledge side fire eat close.
HPO46_16-S1-I,HPO46_16-S1,2025-04-08,True,OK
HPO46_16-S2-I,HPO46_16-S2,2025-04-23,False,OK
HPO46_17-S1-I,HPO46_17-S1,2024-09-06,True,OK
HPO46_18-S1-I,HPO46_18-S1,2025-04-13,True,OK
HPO46_19-S1-I,HPO46_19-S1,2024-07-21,True,OK
HPO46_20-S1-I,HPO46_20-S1,2024-11-04,True,Son bed quickly should owner available run.
HPO46_21-S1-I,HPO46_21-S1,2024-12-31,True,OK
HPO46_22-S1-I,HPO46_22-S1,2024-09-16,True,OK
HPO46_22-S2-I,HPO46_22-S2,2024-09-18,True,OK
HPO46_23-S1-I,HPO46_23-S1,2025-05-06,True,OK
HPO47_1-S1-I,HPO47_1-S1,2025-03-19,True,OK
HPO47_2-S1-I,HPO47_2-S1,2024-08-18,True,OK
HPO47_2-S2-I,HPO47_2-S2,2024-08-23,True,OK
HPO47_3-S1-I,HPO47_3-S1,2025-05-29,True,OK
HPO47_4-S1-I,HPO47_4-S1,2024-07-13,True,OK
HPO47_5-S1-I,HPO47_5-S1,2025-06-20,True,OK
HPO47_6-S1-I,HPO47_6-S1,2024-10-16,True,OK
HPO47_7-S1-I,HPO47_7-S1,2024-09-20,True,OK
HPO47_8-S1-I,HPO47_8-S1,2024-10-17,True,OK
HPO47_9-S1-I,HPO47_9-S1,2025-05-30,True,OK
HPO47_10-S1-I,HPO47_10-S1,2025-01-18,True,OK
HPO47_11-S1-I,HPO47_11-S1,2024-08-12,True,OK
HPO47_12-S1-I,HPO47_12-S1,2025-05-15,True,OK
HPO47_13-S1-I,HPO47_13-S1,2024-11-15,True,OK
HPO47_14-S1-I,HPO47_14-S1,2025-04-13,True,Sure agent baby always beyond meeting.
HPO47_15-S1-I,HPO47_15-S1,2025-03-08,True,OK
HPO47_16-S1-I,HPO47_16-S1,2024-08-12,True,OK
HPO47_17-S1-I,HPO47_17-S1,2024-07-22,True,Western third course alone.
HPO47_18-S1-I,HPO47_18-S1,2024-11-27,True,OK
HPO47_19-S1-I,HPO47_19-S1,2024-08-08,True,OK
HPO47_19-S2-I,HPO47_19-S2,2024-08-12,True,OK
HPO47_20-S1-I,HPO47_20-S1,2025-02-01,True,OK
HPO47_21-S1-I,HPO47_21-S1,2024-10-31,True,Information chance poor these southern find turn.
HPO47_21-S2-I,HPO47_21-S2,2024-11-01,True,OK
HPO47_22-S1-I,HPO47_22-S1,2025-05-24,True,OK
HPO48_1-S1-I,HPO48_1-S1,2025-04-05,True,OK
HPO48_2-S1-I,HPO48_2-S1,2024-08-20,True,OK
HPO48_3-S1-I,HPO48_3-S1,2024-10-07,True,OK
HPO48_4-S1-I,HPO48_4-S1,2024-10-17,False,OK
HPO48_4-S2-I,HPO48_4-S2,2024-10-19,True,OK
HPO48_5-S1-I,HPO48_5-S1,2025-05-07,True,Respond check now true water director late.
HPO48_6-S1-I,HPO48_6-S1,2025-05-27,True,OK
HPO48_7-S1-I,HPO48_7-S1,2025-03-11,True,OK
HPO48_7-S2-I,HPO48_7-S2,2025-02-16,True,OK
HPO48_8-S1-I,HPO48_8-S1,2025-05-26,True,OK
HPO48_9-S1-I,HPO48_9-S1,2025-03-02,True,OK
HPO48_10-S1-I,HPO48_10-S1,2024-09-22,False,OK
HPO48_11-S1-I,HPO48_11-S1,2024-10-28,True,OK
HPO48_11-S2-I,HPO48_11-S2,2024-11-16,True,OK
HPO48_12-S1-I,HPO48_12-S1,2024-11-12,False,OK
HPO48_13-S1-I,HPO48_13-S1,2024-08-28,True,OK
HPO48_14-S1-I,HPO48_14-S1,2025-02-05,True,OK
HPO48_14-S2-I,HPO48_14-S2,2025-02-16,True,OK
HPO48_15-S1-I,HPO48_15-S1,2024-08-03,True,OK
HPO48_16-S1-I,HPO48_16-S1,2025-05-01,False,OK
HPO48_17-S1-I,HPO48_17-S1,2024-09-23,False,OK
HPO48_17-S2-I,HPO48_17-S2,2024-09-23,True,OK
HPO48_18-S1-I,HPO48_18-S1,2024-09-11,True,OK
HPO48_19-S1-I,HPO48_19-S1,2025-03-30,True,OK
HPO48_20-S1-I,HPO48_20-S1,2024-08-31,True,OK
HPO48_21-S1-I,HPO48_21-S1,2025-03-07,True,OK
HPO48_22-S1-I,HPO48_22-S1,2025-03-08,True,OK
HPO48_22-S2-I,HPO48_22-S2,2025-03-18,True,OK
HPO48_23-S1-I,HPO48_23-S1,2025-03-18,True,OK
HPO49_1-S1-I,HPO49_1-S1,2025-01-09,True,OK
HPO49_2-S1-I,HPO49_2-S1,2024-12-09,False,OK
HPO49_3-S1-I,HPO49_3-S1,2024-09-15,True,Population day center long.
HPO49_4-S1-I,HPO49_4-S1,2024-09-08,True,Child choice you see.
HPO49_5-S1-I,HPO49_5-S1,2025-03-24,True,OK
HPO49_6-S1-I,HPO49_6-S1,2024-06-23,True,House station have laugh.
HPO49_7-S1-I,HPO49_7-S1,2024-10-09,True,OK
HPO49_7-S2-I,HPO49_7-S2,2024-11-02,True,OK
HPO49_8-S1-I,HPO49_8-S1,2024-06-26,False,OK
HPO49_9-S1-I,HPO49_9-S1,2024-11-04,True,OK
HPO49_10-S1-I,HPO49_10-S1,2025-03-13,True,Network of six hard fish perhaps.
HPO49_10-S2-I,HPO49_10-S2,2025-04-04,True,OK
HPO49_11-S1-I,HPO49_11-S1,2024-09-01,True,OK
HPO49_12-S1-I,HPO49_12-S1,2024-06-28,True,OK
HPO49_13-S1-I,HPO49_13-S1,2025-06-12,False,OK
HPO49_14-S1-I,HPO49_14-S1,2024-10-16,True,OK
HPO49_15-S1-I,HPO49_15-S1,2024-08-16,True,OK
HPO49_15-S2-I,HPO49_15-S2,2024-08-06,True,OK
HPO49_16-S1-I,HPO49_16-S1,2024-07-02,True,OK
HPO49_17-S1-I,HPO49_17-S1,2024-10-07,True,OK
HPO50_1-S1-I,HPO50_1-S1,2024-12-17,False,OK
HPO50_2-S1-I,HPO50_2-S1,2025-02-23,True,OK
HPO50_3-S1-I,HPO50_3-S1,2025-05-29,True,OK
HPO50_4-S1-I,HPO50_4-S1,2024-09-28,True,Suddenly on thing every system yes threat.
HPO50_5-S1-I,HPO50_5-S1,2024-12-06,True,OK
HPO50_6-S1-I,HPO50_6-S1,2024-08-10,True,OK
HPO50_7-S1-I,HPO50_7-S1,2024-08-01,True,OK
HPO50_7-S2-I,HPO50_7-S2,2024-07-13,True,OK
HPO50_8-S1-I,HPO50_8-S1,2025-03-18,True,Mention expect treat be.
HPO50_9-S1-I,HPO50_9-S1,2024-06-10,True,Home poor fall left.
HPO50_10-S1-I,HPO50_10-S1,2025-05-26,True,OK
HPO50_10-S2-I,HPO50_10-S2,2025-05-11,True,OK
HPO50_11-S1-I,HPO50_11-S1,2024-09-11,True,OK
HPO50_12-S1-I,HPO50_12-S1,2025-01-04,True,OK
HPO50_12-S2-I,HPO50_12-S2,2025-01-11,True,OK
HPO50_13-S1-I,HPO50_13-S1,2025-04-25,True,OK
HPO50_13-S2-I,HPO50_13-S2,2025-06-01,True,OK
HPO50_14-S1-I,HPO50_14-S1,2025-06-12,True,Run environment produce else daughter investment peace.
HPO50_15-S1-I,HPO50_15-S1,2024-10-03,True,OK
HPO50_16-S1-I,HPO50_16-S1,2024-10-30,True,OK
HPO50_17-S1-I,HPO50_17-S1,2025-04-08,True,OK
HPO50_17-S2-I,HPO50_17-S2,2025-03-09,True,OK
HPO50_18-S1-I,HPO50_18-S1,2024-08-10,False,OK
HPO50_19-S1-I,HPO50_19-S1,2024-07-14,False,OK
HPO50_20-S1-I,HPO50_20-S1,2024-12-23,True,OK
HPO50_21-S1-I,HPO50_21-S1,2024-09-27,True,OK
